{
    "scipy_fft_time": [
        0.0007301250007003546,
        0.000810875091701746,
        0.0003660420188680291,
        0.000551333068870008,
        0.002533666091039777,
        0.0008252079132944345,
        0.0012282079551368952,
        0.0022616670466959476,
        0.0060983330477029085
    ],
    "numpy_fft_time": [
        0.00033545796759426594,
        0.0009203749941661954,
        0.0006639589555561543,
        0.0018352499464526772,
        0.004302624962292612,
        0.005266458028927445,
        0.00433787505608052,
        0.007224541972391307,
        0.022447041934356093
    ],
    "tf_fft_time": [
        0.0005447500152513385,
        0.0005619169678539038,
        0.000681250006891787,
        0.0008753750007599592,
        0.0016689999029040337,
        0.0023736250586807728,
        0.004469624953344464,
        0.0024928749771788716,
        0.008561166003346443
    ],
    "cv2_fft_time": [
        0.0002488330937922001,
        0.005074416054412723,
        0.0014735000440850854,
        0.003712416044436395,
        0.026713749975897372,
        0.006833333987742662,
        0.007794333039782941,
        0.004909166018478572,
        0.03387254197150469
    ],
    "torch_fft_time": [
        0.00036804203409701586,
        0.0009772079065442085,
        0.00030854204669594765,
        0.000556709012016654,
        0.003790333983488381,
        0.0008301660418510437,
        0.001181833096779883,
        0.0023262500762939453,
        0.006371457944624126
    ],
    "numpy_error": [
        9.595020618788086e-07,
        3.4195999962530814e-06,
        2.051945162882604e-06,
        2.31874709219477e-06,
        7.315605711564821e-06,
        3.5034912873397155e-06,
        4.600493495695613e-06,
        6.591013434512947e-06,
        1.0004569687501736e-05
    ],
    "tf_error": [
        1.343607891612919e-06,
        4.54980681752204e-06,
        2.886439460780821e-06,
        4.4096091187384445e-06,
        9.377245078212582e-06,
        6.566312549693976e-06,
        8.849870937410742e-06,
        9.211705219058786e-06,
        1.4353098777064588e-05
    ],
    "torch_error": [
        0.0,
        0.0,
        0.0,
        0.0,
        0.0,
        0.0,
        0.0,
        0.0,
        0.0
    ],
    "cv2_error": [
        1.484155632169859e-06,
        4.75565957458457e-06,
        2.8635399758059066e-06,
        3.925206783605972e-06,
        1.1354198250046466e-05,
        5.587263331108261e-06,
        7.017822099442128e-06,
        9.169912118522916e-06,
        1.4661953173344955e-05
    ],
    "sizes": [
        1000.0,
        2049.0,
        3333.0,
        4097.0,
        8199.0,
        10001.0,
        16385.0,
        32798.0,
        65533.0
    ]
}