{
    "scipy_fft_time": [
        7.925031241029501e-05,
        0.0005536529934033751,
        0.00025044432065139216,
        0.0005270832916721702,
        0.0024782640005772314,
        0.0008158196384708086,
        0.0010744723258540034,
        0.00218122200264285,
        0.006165597354993224
    ],
    "scipy_error": [
        5.849987862506789e-07,
        0.0,
        0.0,
        0.0,
        7.190474207163788e-06,
        0.0,
        0.0,
        0.0,
        0.0
    ],
    "numpy_fft_time": [
        6.270831606040399e-05,
        0.0009024029908080896,
        0.0006180413377781709,
        0.0019108887063339353,
        0.003733874997124076,
        0.004786722323236366,
        0.004359861020930111,
        0.007139319631581505,
        0.021366791683249176
    ],
    "numpy_error": [
        0.0,
        2.6420683299303393e-06,
        1.2195619815579192e-06,
        1.5310077399365589e-06,
        4.421031065978181e-06,
        2.2513397194372216e-06,
        2.8220662521258492e-06,
        3.976161449949976e-06,
        5.8947640917724315e-06
    ],
    "tensorflow_fft_time": [
        0.0005064030410721898,
        0.0007898890180513263,
        0.0008909722867732247,
        0.0012085833974803488,
        0.0019498473266139627,
        0.002688763663172722,
        0.003918555642788609,
        0.00349441667397817,
        0.009538791996116439
    ],
    "tensorflow_error": [
        7.086772654321671e-07,
        3.5576940717874095e-06,
        1.9680105651787017e-06,
        2.9656403057742864e-06,
        0.0,
        4.80599419461214e-06,
        6.177915565785952e-06,
        5.786054316558875e-06,
        9.019184290082194e-06
    ],
    "torch_fft_time": [
        0.00016009695051858822,
        0.0009082083124667406,
        0.0005861386889591813,
        0.0018630553192148607,
        0.0037433337420225143,
        0.004300902675216396,
        0.0031223746482282877,
        0.005500694387592375,
        0.01401768031064421
    ],
    "torch_error": [
        6.499230286629021e-07,
        1.7259238802580512e-06,
        1.9839937976939837e-06,
        4.101867489225697e-06,
        7.206877398857614e-06,
        6.3903312366164755e-06,
        4.056488705828087e-06,
        6.080831553845201e-06,
        9.039339602168184e-06
    ],
    "pyfftw_fft_time": [
        0.00027150035991022986,
        0.0011386530240997672,
        0.001149597034479181,
        0.0014615836553275585,
        0.0030251247032235065,
        0.004426430677995086,
        0.004538735995690028,
        0.00770202768035233,
        0.024848249973729253
    ],
    "pyfftw_error": [
        6.822679305545365e-07,
        3.545265599314007e-06,
        2.409521812296589e-06,
        2.792754685287946e-06,
        6.965160537220072e-06,
        5.241879989625886e-06,
        6.005916475260165e-06,
        4.910062216367805e-06,
        8.122440704028122e-06
    ],
    "reference_backend": [
        "numpy",
        "numpy",
        "scipy",
        "scipy",
        "scipy",
        "scipy",
        "scipy",
        "scipy",
        "tensorflow",
        "tensorflow",
        "scipy",
        "scipy",
        "scipy",
        "scipy",
        "scipy",
        "scipy",
        "scipy",
        "scipy"
    ],
    "sizes": [
        1000.0,
        2049.0,
        3333.0,
        4097.0,
        8199.0,
        10001.0,
        16385.0,
        32798.0,
        65533.0
    ]
}