{
    "scipy_fft_time": [
        0.00026444396159301203,
        9.359698742628098e-05,
        7.719468946258227e-05,
        8.775002788752317e-05,
        0.00010936066973954439,
        0.00046758299383024376,
        0.00020076396564642587,
        0.00011791638098657131,
        0.0006307916870961586,
        0.0005880833293000857,
        0.0010781386711945136,
        0.000233555988719066,
        0.00020459732816865048,
        0.0005302643403410912,
        0.0011116810298214357,
        0.0026358473114669323,
        0.0026719996628041067,
        0.00040402798913419247,
        0.0024081803082178035,
        0.0006695143335188428,
        0.0062107496584455175,
        0.0012654859650259216,
        0.0008281803457066417,
        0.0011185416563724477,
        0.005206153029575944,
        0.012004235953403017,
        0.002868930653979381,
        0.0018698889762163162,
        0.011680555646307766,
        0.02727187463703255,
        0.006272472363586227,
        0.009241013671271503,
        0.0036688746962075434,
        0.024598236350963514,
        0.023499944674161572
    ],
    "scipy_error": [
        0.0,
        0.0,
        6.82376662606871e-07,
        0.0,
        0.0,
        0.0,
        0.0,
        0.0,
        0.0,
        0.0,
        4.496459041547496e-06,
        0.0,
        0.0,
        0.0,
        4.5357205635809805e-06,
        0.0,
        6.463093995989766e-06,
        0.0,
        7.347867722273804e-06,
        0.0,
        9.302667422161903e-06,
        0.0,
        0.0,
        0.0,
        1.1142282346554566e-05,
        0.0,
        0.0,
        4.871721102972515e-06,
        1.4775745512451977e-05,
        1.6291123756673187e-05,
        0.0,
        0.0,
        0.0,
        2.381441299803555e-05,
        2.3761640477459878e-05
    ],
    "numpy_fft_time": [
        0.0004070000334953268,
        0.00010931934230029583,
        6.269403578092654e-05,
        0.00014801369979977608,
        0.00019098635918150345,
        0.0009161670071383318,
        0.0004006529925391078,
        0.00011993067649503548,
        0.0009599447172755996,
        0.0008599446543181936,
        0.0019580696631843844,
        0.000347417041969796,
        0.0002764863893389702,
        0.0019284166628494859,
        0.0019249443430453539,
        0.004530291655100882,
        0.003900500014424324,
        0.0006666389914850394,
        0.0037400969692195454,
        0.0021392779890447855,
        0.008913180674426258,
        0.005184888723306358,
        0.0013970556125665705,
        0.004771527989457051,
        0.00957254161282132,
        0.019928916667898495,
        0.010770819693182906,
        0.0029820973286405206,
        0.021255069683926802,
        0.026434194296598434,
        0.02165787500174095,
        0.051429860681916274,
        0.006542472052387893,
        0.05038388865068555,
        0.04744390297370652
    ],
    "numpy_error": [
        1.5835157010252535e-06,
        7.174534657946633e-07,
        0.0,
        6.372237470946109e-07,
        6.520447346458306e-07,
        2.381347156706885e-06,
        1.0459949061178307e-06,
        9.946456900913848e-07,
        2.6420683299303393e-06,
        9.76087971532618e-07,
        3.3391535263262105e-06,
        1.4286393205526988e-06,
        1.3235459855993706e-06,
        1.5310077399365589e-06,
        3.591383253985558e-06,
        5.235282483115574e-06,
        4.871256278714091e-06,
        1.927231503609709e-06,
        4.788647082167537e-06,
        2.0477221609093375e-06,
        7.277592102134256e-06,
        2.9061483949059424e-06,
        2.7395891332066357e-06,
        2.8220662521258492e-06,
        6.852212562789302e-06,
        1.0696088659941761e-05,
        4.200785790581366e-06,
        4.056952672631475e-06,
        7.874642216604521e-06,
        1.1642106657232936e-05,
        5.8947640917724315e-06,
        6.1816079051081615e-06,
        5.545224674413187e-06,
        1.700840839254851e-05,
        1.7020015117168896e-05
    ],
    "tensorflow_fft_time": [
        0.0005621250020340085,
        0.0005602500168606639,
        0.0003899586930250128,
        0.0004434866908316811,
        0.0005047079951812824,
        0.0007222360000014305,
        0.0007773056471099457,
        0.0004142780089750886,
        0.0007412083990251025,
        0.000710985972546041,
        0.0008382500770191351,
        0.0007426666949565212,
        0.00047940264145533246,
        0.0011316670570522547,
        0.000905986021583279,
        0.012994680320844054,
        0.0014846666793649395,
        0.0007128052723904451,
        0.0022960693265000978,
        0.001858375306862096,
        0.0029911806729311743,
        0.004029749931457142,
        0.0010699306925137837,
        0.004348847355383138,
        0.003979763675791522,
        0.013806333299726248,
        0.007665791626398762,
        0.0017319443092371027,
        0.007305305645180245,
        0.008563805332717797,
        0.011083916683370868,
        0.013732972322031856,
        0.004011152350964646,
        0.01442629168741405,
        0.014827611312891046
    ],
    "tensorflow_error": [
        2.0459906409087125e-06,
        1.017634190247918e-06,
        6.617216184771576e-07,
        9.004844514493016e-07,
        9.50286391798727e-07,
        3.0966180020186584e-06,
        1.6083245100162458e-06,
        1.1180236469954252e-06,
        3.5576940717874095e-06,
        2.3134107323130593e-06,
        0.0,
        2.2065089524403447e-06,
        1.6025896911742166e-06,
        2.9656403057742864e-06,
        0.0,
        6.6885713749798015e-06,
        0.0,
        2.290100383106619e-06,
        0.0,
        3.862472567561781e-06,
        0.0,
        5.813790721731493e-06,
        3.3578558031877037e-06,
        6.177915565785952e-06,
        0.0,
        1.5131784493860323e-05,
        8.73526278155623e-06,
        0.0,
        0.0,
        0.0,
        9.019184290082194e-06,
        1.296912978432374e-05,
        6.959305210330058e-06,
        0.0,
        0.0
    ],
    "torch_fft_time": [
        0.0004330830027659734,
        0.0001546803784246246,
        0.00012295797932893038,
        0.0001676946800823013,
        0.0002616802618528406,
        0.000749125339401265,
        0.00039969466160982847,
        0.00018894466726730266,
        0.000868541693004469,
        0.0009839720247934263,
        0.001772610975118975,
        0.0004153753397986293,
        0.00031501396248737973,
        0.0018117223711063464,
        0.0019250833429396152,
        0.0041210276540368795,
        0.004249041589597861,
        0.0006677637187143167,
        0.0039807083473230405,
        0.0018181386403739452,
        0.00839733297470957,
        0.00372554132870088,
        0.0015242500230669975,
        0.003288083360530436,
        0.007881111038538316,
        0.019243403027455013,
        0.00796975001382331,
        0.003173264015155534,
        0.02000954165123403,
        0.01856547233182937,
        0.014648555661551654,
        0.04776243031180153,
        0.007412985626918574,
        0.04105051335257789,
        0.0490295416675508
    ],