{
  "noise_levels": [
    0.01,
    0.04,
    0.07,
    0.1
  ],
  "mse_results": {
    "0.01": {
      "Nearest": 0.0024151159004676807,
      "Makima": 0.0024365226000802164,
      "Linear": 0.0024375428651738583,
      "Slinear": 0.002437542865173924,
      "Akima": 0.002440139110904353,
      "Cubic Spline": 0.0024428187183954887,
      "Quintic Spline": 0.002447142353094631,
      "Zero": 0.0024638702906972
    },
    "0.04": {
      "Zero": 0.002191523670003748,
      "Quintic Spline": 0.0022257626414028593,
      "Cubic Spline": 0.002273500633065329,
      "Nearest": 0.002361651586278125,
      "Makima": 0.0023685025876551947,
      "Akima": 0.0023796529639976117,
      "Linear": 0.002429761959950952,
      "Slinear": 0.002429761959950952
    },
    "0.07": {
      "Nearest": 0.002767453745429949,
      "Akima": 0.0028212476095729657,
      "Makima": 0.0028509315060040244,
      "Slinear": 0.0028620320046336034,
      "Linear": 0.0028620320046336056,
      "Cubic Spline": 0.0029789307610079583,
      "Quintic Spline": 0.003016770360564659,
      "Zero": 0.003232278762464178
    },
    "0.1": {
      "Zero": 0.0018437692846696306,
      "Nearest": 0.001881357151201499,
      "Akima": 0.0021058877413538232,
      "Makima": 0.0021583471554423674,
      "Linear": 0.0022060911172143583,
      "Slinear": 0.002206091117214381,
      "Cubic Spline": 0.00233882768752534,
      "Quintic Spline": 0.002396655617724703
    }
  },
  "percent_difference": [
    {
      "Noise Level": 0.01,
      "Nearest": 0.0,
      "Makima": 0.8863632427905583,
      "Linear": 0.9286082171805807,
      "Slinear": 0.9286082171832922,
      "Akima": 1.0361080572500325,
      "Cubic Spline": 1.1470595644061423,
      "Quintic Spline": 1.326083465424931,
      "Zero": 2.0187184482565974
    },
    {
      "Noise Level": 0.04,
      "Nearest": 7.762996977992306,
      "Makima": 8.075610593388838,
      "Linear": 10.87089741297644,
      "Slinear": 10.87089741297644,
      "Akima": 8.584406208742513,
      "Cubic Spline": 3.7406378121136363,
      "Quintic Spline": 1.5623363720754413,
      "Zero": 0.0
    },
    {
      "Noise Level": 0.07,
      "Nearest": 0.0,
      "Makima": 3.016410327071474,
      "Linear": 3.4175190591654454,
      "Slinear": 3.4175190591653672,
      "Akima": 1.9438035498099797,
      "Cubic Spline": 7.641573628004913,
      "Quintic Spline": 9.008881017304098,
      "Zero": 16.796125962423776
    },
    {
      "Noise Level": 0.1,
      "Nearest": 2.03864262434567,
      "Makima": 17.061672161932307,
      "Linear": 19.65114808871811,
      "Slinear": 19.651148088719335,
      "Akima": 14.216445564183449,
      "Cubic Spline": 26.85034439894223,
      "Quintic Spline": 29.9867417063594,
      "Zero": 0.0
    }
  ],
  "best_method_per_noise": [
    "Nearest",
    "Zero",
    "Nearest",
    "Zero"
  ],
  "method_counts": {
    "Nearest": 2,
    "Zero": 2
  },
  "most_robust": "Nearest"
}