{
    "scipy_fft_time": [
        0.0002508606606473525,
        8.869431136796872e-05,
        7.69583663592736e-05,
        0.00011763865283379953,
        0.00010713903854290645,
        0.0004843473434448242,
        0.000185236024359862,
        0.0001453053361425797,
        0.000627694302238524,
        0.0005693749990314245,
        0.001021861331537366,
        0.0002327226878454288,
        0.00021302797055492798,
        0.0005340276208395759,
        0.0011170836708818872,
        0.0026110137114301324,
        0.0025266389905785522,
        0.00039600029898186523,
        0.0023998889761666455,
        0.0006640276794011394,
        0.005226097380121549,
        0.001275694618622462,
        0.0007728467074533304,
        0.0010625833335022132,
        0.005077055694224934,
        0.011970319358321527,
        0.0028683056977267065,
        0.0016549860204880436,
        0.01099969435017556,
        0.011528305670556923,
        0.006140416992517809,
        0.009310097705262402,
        0.0036899026793738208,
        0.024285360976743203,
        0.023404749653612573
    ],
    "scipy_error": [
        0.0,
        0.0,
        6.82376662606871e-07,
        0.0,
        0.0,
        0.0,
        0.0,
        9.946456900913848e-07,
        0.0,
        0.0,
        4.496459041547496e-06,
        0.0,
        0.0,
        0.0,
        4.5357205635809805e-06,
        6.6885713749798015e-06,
        6.463093995989766e-06,
        0.0,
        7.347867722273804e-06,
        0.0,
        9.302667422161903e-06,
        0.0,
        0.0,
        0.0,
        1.1142282346554566e-05,
        0.0,
        0.0,
        0.0,
        1.4775745512451977e-05,
        1.6291123756673187e-05,
        0.0,
        0.0,
        0.0,
        2.381441299803555e-05,
        2.3761640477459878e-05
    ],
    "numpy_fft_time": [
        0.00040197232738137245,
        0.00011190267590185006,
        6.237501899401347e-05,
        0.00012297198797265688,
        0.00019129136732469002,
        0.0008855003009860715,
        0.0004062640170256297,
        0.0001206113180766503,
        0.0008584306730578343,
        0.0008905140372614065,
        0.0018552083444471161,
        0.00034462470406045515,
        0.00024340231902897358,
        0.0018812359776347876,
        0.0018549166852608323,
        0.003829472310220202,
        0.0038379442800457277,
        0.0005770276766270399,
        0.0037712220024938383,
        0.0020183336843426027,
        0.009075986299042901,
        0.00504612495812277,
        0.0013854583182061713,
        0.0044948056650658446,
        0.009201208633991579,
        0.018705833664474387,
        0.010767208295874298,
        0.0028689586324617267,
        0.019710806004392605,
        0.02136133370610575,
        0.02087488902422289,
        0.04656869467968742,
        0.006310514019181331,
        0.04552001366391778,
        0.0430180417218556
    ],
    "numpy_error": [
        1.5835157010252535e-06,
        7.174534657946633e-07,
        0.0,
        6.372237470946109e-07,
        6.520447346458306e-07,
        2.381347156706885e-06,
        1.0459949061178307e-06,
        0.0,
        2.6420683299303393e-06,
        9.76087971532618e-07,
        3.3391535263262105e-06,
        1.4286393205526988e-06,
        1.3235459855993706e-06,
        1.5310077399365589e-06,
        3.591383253985558e-06,
        3.6957131702830036e-06,
        4.871256278714091e-06,
        1.927231503609709e-06,
        4.788647082167537e-06,
        2.0477221609093375e-06,
        7.277592102134256e-06,
        2.9061483949059424e-06,
        2.739589133176927e-06,
        2.8220662521258492e-06,
        6.852212562789302e-06,
        1.0696088659941761e-05,
        4.200785790581366e-06,
        3.873274108163444e-06,
        7.874642216604521e-06,
        1.1642106657232936e-05,
        5.8947640917724315e-06,
        6.1816079051081615e-06,
        5.545224674413187e-06,
        1.700840839254851e-05,
        1.7020015117168896e-05
    ],
    "tensorflow_fft_time": [
        0.0005527779770394167,
        0.0004658469697460532,
        0.00039123569149523973,
        0.00044733301425973576,
        0.0005146389982352654,
        0.0007227777192989985,
        0.000731555667395393,
        0.00042034732177853584,
        0.0007459443295374513,
        0.0007329446962103248,
        0.0010011942746738594,
        0.000642500352114439,
        0.00046024999270836514,
        0.0011883753662308056,
        0.0010309443265820544,
        0.001984000011968116,
        0.001475430636977156,
        0.0006497772798563043,
        0.0022450966450075307,
        0.0019170137044663231,
        0.0028223060071468353,
        0.003760416992008686,
        0.000918569314914445,
        0.0040002363578726845,
        0.004007208665522437,
        0.013919652982925376,
        0.006656305321181814,
        0.0016713057023783524,
        0.006932708318345249,
        0.007188180383915703,
        0.009674888686276972,
        0.013459916653422018,
        0.004287347352753083,
        0.013913680682890117,
        0.014463833688447872
    ],
    "tensorflow_error": [
        2.0459906409087125e-06,
        1.017634190247918e-06,
        6.617216184771576e-07,
        9.004844514493016e-07,
        9.50286391798727e-07,
        3.0966180020186584e-06,
        1.6083245100162458e-06,
        9.86443022009452e-07,
        3.5576940717874095e-06,
        2.3134107323130593e-06,
        0.0,
        2.2065089524403447e-06,
        1.6025896911742166e-06,
        2.9656403057742864e-06,
        0.0,
        0.0,
        0.0,
        2.290100383106619e-06,
        0.0,
        3.862472567561781e-06,
        0.0,
        5.813790721731493e-06,
        3.3578558031877037e-06,
        6.177915565785952e-06,
        0.0,
        1.5131784493860323e-05,
        8.73526278155623e-06,
        4.837329470319673e-06,
        0.0,
        0.0,
        9.019184290082194e-06,
        1.296912978432374e-05,
        6.959305210330058e-06,
        0.0,
        0.0
    ],
    "torch_fft_time": [
        0.0004347083546842138,
        0.00015754171181470156,
        0.0001271669752895832,
        0.00019966667362799248,
        0.00022516667377203703,
        0.0007704439728210369,
        0.00039968030372013647,
        0.00018920838677634796,
        0.000869361295675238,
        0.0009087496437132359,
        0.0016569443202267091,
        0.0004299166612327099,
        0.00035548633119712275,
        0.001839680674796303,
        0.0017628333298489451,
        0.003983416672175129,
        0.003962264318640034,
        0.0006403333197037379,
        0.003722097297819952,
        0.0017599999361361067,
        0.00824648595880717,
        0.0035831802912677326,
        0.001503194294249018,
        0.0032118476616839566,
        0.007691333303228021,
        0.01825819432269782,
        0.007718680348868172,
        0.003045819311713179,
        0.018044069681006174,
        0.017813791676114004,
        0.014012403010080257,
        0.0460812362919872,
        0.007121402964306374,
        0.036742791339444615,
        0.03718463898015519
    ],